{"single_1_01": {"fairness": 0.0604051335565979, "vendi_diversity": 9.32112913843744}, "double_2_01": {"fairness": 0.10368176531706619, "vendi_diversity": 8.454907055518614}, "single_2_01": {"fairness": 0.05033054806068643, "vendi_diversity": 8.320908799069116}, "double_2_04": {"fairness": 0.057663892271803595, "vendi_diversity": 9.749869637542139}, "independent": {"fairness": 0.032353870310406714, "vendi_diversity": 9.778616852663419}}